time,MaxCoolerPower[W],MinCoolerPower[W],CommandCoolerPower[W]
08/31/17 00:00:14,000.00  ,000.00  ,000.00  
08/31/17 00:01:15,000.00  ,000.00  ,000.00  
08/31/17 00:02:15,000.00  ,000.00  ,000.00  
08/31/17 00:03:14,000.00  ,000.00  ,000.00  
08/31/17 00:04:15,000.00  ,000.00  ,000.00  
08/31/17 00:05:15,000.00  ,000.00  ,000.00  
08/31/17 00:06:15,000.00  ,000.00  ,000.00  
08/31/17 00:07:14,000.00  ,000.00  ,000.00  
08/31/17 00:08:15,000.00  ,000.00  ,000.00  
08/31/17 00:09:15,000.00  ,000.00  ,000.00  
08/31/17 00:10:14,000.00  ,000.00  ,000.00  
08/31/17 00:11:15,000.00  ,000.00  ,000.00  
08/31/17 00:12:15,000.00  ,000.00  ,000.00  
08/31/17 00:13:15,000.00  ,000.00  ,000.00  
08/31/17 00:14:14,000.00  ,000.00  ,000.00  
08/31/17 00:15:15,000.00  ,000.00  ,000.00  
08/31/17 00:16:15,000.00  ,000.00  ,000.00  
08/31/17 00:17:14,000.00  ,000.00  ,000.00  
08/31/17 00:18:15,000.00  ,000.00  ,000.00  
08/31/17 00:19:15,000.00  ,000.00  ,000.00  
08/31/17 00:20:15,000.00  ,000.00  ,000.00  
08/31/17 00:21:14,000.00  ,000.00  ,000.00  
08/31/17 00:22:15,000.00  ,000.00  ,000.00  
08/31/17 00:23:15,000.00  ,000.00  ,000.00  
08/31/17 00:24:14,000.00  ,000.00  ,000.00  
08/31/17 00:25:15,000.00  ,000.00  ,000.00  
08/31/17 00:26:15,000.00  ,000.00  ,000.00  
08/31/17 00:27:15,000.00  ,000.00  ,000.00  
08/31/17 00:28:14,000.00  ,000.00  ,000.00  
08/31/17 00:29:15,000.00  ,000.00  ,000.00  
08/31/17 00:30:15,000.00  ,000.00  ,000.00  
08/31/17 00:31:14,000.00  ,000.00  ,000.00  
08/31/17 00:32:15,000.00  ,000.00  ,000.00  
08/31/17 00:33:15,000.00  ,000.00  ,000.00  
08/31/17 00:34:15,000.00  ,000.00  ,000.00  
08/31/17 00:35:14,000.00  ,000.00  ,000.00  
08/31/17 00:36:15,000.00  ,000.00  ,000.00  
08/31/17 00:37:15,000.00  ,000.00  ,000.00  
08/31/17 00:38:14,000.00  ,000.00  ,000.00  
08/31/17 00:39:15,000.00  ,000.00  ,000.00  
08/31/17 00:40:15,000.00  ,000.00  ,000.00  
08/31/17 00:41:15,000.00  ,000.00  ,000.00  
08/31/17 00:42:14,000.00  ,000.00  ,000.00  
08/31/17 00:43:15,000.00  ,000.00  ,000.00  
08/31/17 00:44:15,000.00  ,000.00  ,000.00  
08/31/17 00:45:14,000.00  ,000.00  ,000.00  
08/31/17 00:46:15,000.00  ,000.00  ,000.00  
08/31/17 00:47:15,000.00  ,000.00  ,000.00  
08/31/17 00:48:14,000.00  ,000.00  ,000.00  
08/31/17 00:49:14,000.00  ,000.00  ,000.00  
08/31/17 00:50:15,000.00  ,000.00  ,000.00  
08/31/17 00:51:15,000.00  ,000.00  ,000.00  
08/31/17 00:52:14,000.00  ,000.00  ,000.00  
08/31/17 00:53:15,000.00  ,000.00  ,000.00  
08/31/17 00:54:15,000.00  ,000.00  ,000.00  
08/31/17 00:55:15,000.00  ,000.00  ,000.00  
08/31/17 00:56:14,000.00  ,000.00  ,000.00  
08/31/17 00:57:15,000.00  ,000.00  ,000.00  
08/31/17 00:58:15,000.00  ,000.00  ,000.00  
08/31/17 00:59:14,000.00  ,000.00  ,000.00  
08/31/17 01:00:15,000.00  ,000.00  ,000.00  
08/31/17 01:01:15,000.00  ,000.00  ,000.00  
08/31/17 01:02:15,000.00  ,000.00  ,000.00  
08/31/17 01:03:14,000.00  ,000.00  ,000.00  
08/31/17 01:04:15,000.00  ,000.00  ,000.00  
08/31/17 01:05:15,000.00  ,000.00  ,000.00  
08/31/17 01:06:14,000.00  ,000.00  ,000.00  
08/31/17 01:07:15,000.00  ,000.00  ,000.00  
08/31/17 01:08:15,000.00  ,000.00  ,000.00  
08/31/17 01:09:15,000.00  ,000.00  ,000.00  
08/31/17 01:10:14,000.00  ,000.00  ,000.00  
08/31/17 01:11:15,000.00  ,000.00  ,000.00  
08/31/17 01:12:15,000.00  ,000.00  ,000.00  
08/31/17 01:13:14,000.00  ,000.00  ,000.00  
08/31/17 01:14:15,000.00  ,000.00  ,000.00  
08/31/17 01:15:15,000.00  ,000.00  ,000.00  
08/31/17 01:16:15,000.00  ,000.00  ,000.00  
08/31/17 01:17:14,000.00  ,000.00  ,000.00  
08/31/17 01:18:15,000.00  ,000.00  ,000.00  
08/31/17 01:19:15,000.00  ,000.00  ,000.00  
08/31/17 01:20:14,000.00  ,000.00  ,000.00  
08/31/17 01:21:15,000.00  ,000.00  ,000.00  
08/31/17 01:22:15,000.00  ,000.00  ,000.00  
08/31/17 01:23:15,000.00  ,000.00  ,000.00  
08/31/17 01:24:14,000.00  ,000.00  ,000.00  
08/31/17 01:25:15,000.00  ,000.00  ,000.00  
08/31/17 01:26:15,000.00  ,000.00  ,000.00  
08/31/17 01:27:14,000.00  ,000.00  ,000.00  
08/31/17 01:28:15,000.00  ,000.00  ,000.00  
08/31/17 01:29:15,000.00  ,000.00  ,000.00  
08/31/17 01:30:15,000.00  ,000.00  ,000.00  
08/31/17 01:31:14,000.00  ,000.00  ,000.00  
08/31/17 01:32:15,000.00  ,000.00  ,000.00  
08/31/17 01:33:15,000.00  ,000.00  ,000.00  
08/31/17 01:34:14,000.00  ,000.00  ,000.00  
08/31/17 01:35:15,000.00  ,000.00  ,000.00  
08/31/17 01:36:15,000.00  ,000.00  ,000.00  
08/31/17 01:37:15,000.00  ,000.00  ,000.00  
08/31/17 01:38:14,000.00  ,000.00  ,000.00  
08/31/17 01:39:15,000.00  ,000.00  ,000.00  
08/31/17 01:40:15,000.00  ,000.00  ,000.00  
08/31/17 01:41:14,000.00  ,000.00  ,000.00  
08/31/17 01:42:15,000.00  ,000.00  ,000.00  
08/31/17 01:43:15,000.00  ,000.00  ,000.00  
08/31/17 01:44:15,000.00  ,000.00  ,000.00  
08/31/17 01:45:14,000.00  ,000.00  ,000.00  
08/31/17 01:46:15,000.00  ,000.00  ,000.00  
08/31/17 01:47:15,000.00  ,000.00  ,000.00  
08/31/17 01:48:14,000.00  ,000.00  ,000.00  
08/31/17 01:49:15,000.00  ,000.00  ,000.00  
08/31/17 01:50:15,000.00  ,000.00  ,000.00  
08/31/17 01:51:14,000.00  ,000.00  ,000.00  
08/31/17 01:52:14,000.00  ,000.00  ,000.00  
08/31/17 01:53:15,000.00  ,000.00  ,000.00  
08/31/17 01:54:15,000.00  ,000.00  ,000.00  
08/31/17 01:55:14,000.00  ,000.00  ,000.00  
08/31/17 01:56:15,000.00  ,000.00  ,000.00  
08/31/17 01:57:15,000.00  ,000.00  ,000.00  
08/31/17 01:58:14,000.00  ,000.00  ,000.00  
08/31/17 01:59:14,000.00  ,000.00  ,000.00  
08/31/17 02:00:15,043.69  ,043.69  ,000.00  
08/31/17 02:01:15,049.10  ,025.81  ,049.10  
08/31/17 02:02:14,052.29  ,043.74  ,052.29  
08/31/17 02:03:15,054.87  ,054.87  ,054.87  
08/31/17 02:04:15,056.96  ,056.96  ,056.96  
08/31/17 02:05:15,058.75  ,058.75  ,058.75  
08/31/17 02:06:14,060.31  ,060.00  ,060.31  
08/31/17 02:07:15,061.69  ,060.00  ,061.69  
08/31/17 02:08:15,062.89  ,060.00  ,062.89  
08/31/17 02:09:14,063.96  ,060.00  ,063.96  
08/31/17 02:10:15,064.95  ,060.00  ,064.95  
08/31/17 02:11:15,065.82  ,060.00  ,065.82  
08/31/17 02:12:15,066.63  ,060.00  ,066.63  
08/31/17 02:13:14,067.37  ,060.00  ,067.37  
08/31/17 02:14:15,068.08  ,060.00  ,068.08  
08/31/17 02:15:15,068.74  ,060.00  ,068.74  
08/31/17 02:16:14,069.35  ,060.00  ,069.35  
08/31/17 02:17:15,069.95  ,060.00  ,069.95  
08/31/17 02:18:15,070.50  ,060.00  ,070.50  
08/31/17 02:19:15,071.03  ,060.00  ,071.03  
08/31/17 02:20:14,071.55  ,060.00  ,071.55  
08/31/17 02:21:15,072.05  ,060.00  ,072.05  
08/31/17 02:22:15,072.54  ,060.00  ,072.54  
08/31/17 02:23:14,073.02  ,060.00  ,073.02  
08/31/17 02:24:15,073.49  ,060.00  ,073.49  
08/31/17 02:25:15,073.95  ,060.00  ,073.95  
08/31/17 02:26:15,074.40  ,060.00  ,074.40  
08/31/17 02:27:14,074.85  ,060.00  ,074.85  
08/31/17 02:28:15,075.30  ,060.00  ,075.30  
08/31/17 02:29:15,075.74  ,060.00  ,075.74  
08/31/17 02:30:14,076.18  ,060.00  ,076.18  
08/31/17 02:31:15,076.63  ,060.00  ,076.63  
08/31/17 02:32:15,077.06  ,060.00  ,077.06  
08/31/17 02:33:15,077.48  ,060.00  ,077.48  
08/31/17 02:34:14,077.90  ,060.00  ,077.90  
08/31/17 02:35:15,078.32  ,060.00  ,078.32  
08/31/17 02:36:15,078.74  ,060.00  ,078.74  
08/31/17 02:37:14,079.14  ,060.00  ,079.14  
08/31/17 02:38:15,079.55  ,060.00  ,079.55  
08/31/17 02:39:15,079.95  ,060.00  ,079.95  
08/31/17 02:40:15,080.36  ,060.00  ,080.36  
08/31/17 02:41:14,080.76  ,060.00  ,080.76  
08/31/17 02:42:15,081.17  ,060.00  ,081.17  
08/31/17 02:43:15,081.57  ,060.00  ,081.57  
08/31/17 02:44:14,081.97  ,060.00  ,081.97  
08/31/17 02:45:15,082.37  ,060.00  ,082.37  
08/31/17 02:46:15,082.76  ,060.00  ,082.76  
08/31/17 02:47:15,083.16  ,060.00  ,083.16  
08/31/17 02:48:14,083.54  ,060.00  ,083.54  
08/31/17 02:49:15,083.93  ,060.00  ,083.93  
08/31/17 02:50:15,084.32  ,060.00  ,084.32  
08/31/17 02:51:14,084.69  ,060.00  ,084.69  
08/31/17 02:52:15,085.07  ,060.00  ,085.07  
08/31/17 02:53:15,085.44  ,060.00  ,085.44  
08/31/17 02:54:15,085.80  ,060.00  ,085.80  
08/31/17 02:55:14,086.16  ,060.00  ,086.16  
08/31/17 02:56:15,086.53  ,060.00  ,086.53  
08/31/17 02:57:15,086.89  ,060.00  ,086.89  
08/31/17 02:58:14,087.26  ,060.00  ,087.26  
08/31/17 02:59:15,087.62  ,060.00  ,087.62  
08/31/17 03:00:15,087.99  ,060.00  ,087.99  
08/31/17 03:01:15,088.34  ,060.00  ,088.34  
08/31/17 03:02:14,088.70  ,060.00  ,088.70  
08/31/17 03:03:15,089.07  ,060.00  ,089.07  
08/31/17 03:04:15,089.42  ,060.00  ,089.42  
08/31/17 03:05:14,089.78  ,060.00  ,089.78  
08/31/17 03:06:15,090.17  ,060.00  ,090.17  
08/31/17 03:07:15,090.59  ,060.00  ,090.59  
08/31/17 03:08:14,091.01  ,060.00  ,091.01  
08/31/17 03:09:15,091.44  ,060.00  ,091.44  
08/31/17 03:10:15,091.86  ,060.00  ,091.86  
08/31/17 03:11:15,092.28  ,060.00  ,092.28  
08/31/17 03:12:14,092.70  ,060.00  ,092.70  
08/31/17 03:13:15,093.12  ,060.00  ,093.12  
08/31/17 03:14:15,093.54  ,060.00  ,093.54  
08/31/17 03:15:14,093.96  ,060.00  ,093.96  
08/31/17 03:16:15,094.39  ,060.00  ,094.39  
08/31/17 03:17:15,094.81  ,060.00  ,094.81  
08/31/17 03:18:15,095.23  ,060.00  ,095.23  
08/31/17 03:19:14,095.65  ,060.00  ,095.65  
08/31/17 03:20:15,096.08  ,060.00  ,096.08  
08/31/17 03:21:15,096.49  ,060.00  ,096.49  
08/31/17 03:22:14,096.90  ,060.00  ,096.90  
08/31/17 03:23:15,097.32  ,060.00  ,097.32  
08/31/17 03:24:15,097.72  ,060.00  ,097.72  
08/31/17 03:25:15,098.11  ,060.00  ,098.11  
08/31/17 03:26:14,098.51  ,060.00  ,098.51  
08/31/17 03:27:15,098.91  ,060.00  ,098.91  
08/31/17 03:28:15,099.31  ,060.00  ,099.31  
08/31/17 03:29:14,099.70  ,060.00  ,099.70  
08/31/17 03:30:15,100.12  ,060.00  ,100.00  
08/31/17 03:31:15,100.50  ,060.00  ,100.00  
08/31/17 03:32:15,100.88  ,060.00  ,100.00  
08/31/17 03:33:14,101.24  ,060.00  ,100.00  
08/31/17 03:34:15,101.60  ,060.00  ,100.00  
08/31/17 03:35:15,101.96  ,060.00  ,100.00  
08/31/17 03:36:14,102.31  ,060.00  ,100.00  
08/31/17 03:37:15,102.65  ,060.00  ,100.00  
08/31/17 03:38:15,102.99  ,060.00  ,100.00  
08/31/17 03:39:15,103.32  ,060.00  ,100.00  
08/31/17 03:40:14,103.64  ,060.00  ,100.00  
08/31/17 03:41:15,103.97  ,060.00  ,100.00  
08/31/17 03:42:15,104.28  ,060.00  ,100.00  
08/31/17 03:43:14,104.60  ,060.00  ,100.00  
08/31/17 03:44:15,104.91  ,060.00  ,100.00  
08/31/17 03:45:15,105.22  ,060.00  ,100.00  
08/31/17 03:46:15,105.54  ,060.00  ,100.00  
08/31/17 03:47:14,105.85  ,060.00  ,100.00  
08/31/17 03:48:15,106.16  ,060.00  ,100.00  
08/31/17 03:49:15,106.47  ,060.00  ,100.00  
08/31/17 03:50:14,106.78  ,060.00  ,100.00  
08/31/17 03:51:15,107.09  ,060.00  ,100.00  
08/31/17 03:52:15,107.39  ,060.00  ,100.00  
08/31/17 03:53:15,107.70  ,060.00  ,100.00  
08/31/17 03:54:14,108.00  ,060.00  ,100.00  
08/31/17 03:55:15,108.30  ,060.00  ,100.00  
08/31/17 03:56:15,108.59  ,060.00  ,100.00  
08/31/17 03:57:14,108.88  ,060.00  ,100.00  
08/31/17 03:58:15,109.17  ,060.00  ,100.00  
08/31/17 03:59:15,109.45  ,060.00  ,100.00  
08/31/17 04:00:15,109.74  ,060.00  ,100.00  
08/31/17 04:01:14,110.02  ,060.00  ,100.00  
08/31/17 04:02:15,110.31  ,060.00  ,100.00  
08/31/17 04:03:15,110.59  ,060.00  ,100.00  
08/31/17 04:04:14,110.87  ,060.00  ,100.00  
08/31/17 04:05:15,111.16  ,060.00  ,100.00  
08/31/17 04:06:15,111.45  ,060.00  ,100.00  
08/31/17 04:07:15,111.73  ,060.00  ,100.00  
08/31/17 04:08:14,112.01  ,060.00  ,100.00  
08/31/17 04:09:15,112.30  ,060.00  ,100.00  
08/31/17 04:10:15,112.57  ,060.00  ,100.00  
08/31/17 04:11:14,112.85  ,060.00  ,100.00  
08/31/17 04:12:15,113.12  ,060.00  ,100.00  
08/31/17 04:13:15,113.38  ,060.00  ,100.00  
08/31/17 04:14:15,113.64  ,060.00  ,100.00  
08/31/17 04:15:14,113.90  ,060.00  ,100.00  
08/31/17 04:16:15,114.17  ,060.00  ,100.00  
08/31/17 04:17:15,114.43  ,060.00  ,100.00  
08/31/17 04:18:14,114.69  ,060.00  ,100.00  
08/31/17 04:19:15,114.96  ,060.00  ,100.00  
08/31/17 04:20:15,115.22  ,060.00  ,100.00  
08/31/17 04:21:15,115.48  ,060.00  ,100.00  
08/31/17 04:22:14,115.74  ,060.00  ,100.00  
08/31/17 04:23:15,116.00  ,060.00  ,100.00  
08/31/17 04:24:15,116.26  ,060.00  ,100.00  
08/31/17 04:25:14,116.52  ,060.00  ,100.00  
08/31/17 04:26:15,116.78  ,060.00  ,100.00  
08/31/17 04:27:15,117.03  ,060.00  ,100.00  
08/31/17 04:28:15,117.28  ,060.00  ,100.00  
08/31/17 04:29:14,117.52  ,060.00  ,100.00  
08/31/17 04:30:15,117.76  ,060.00  ,100.00  
08/31/17 04:31:15,118.00  ,060.00  ,100.00  
08/31/17 04:32:14,118.24  ,060.00  ,100.00  
08/31/17 04:33:15,118.49  ,060.00  ,100.00  
08/31/17 04:34:15,118.73  ,060.00  ,100.00  
08/31/17 04:35:15,118.97  ,060.00  ,100.00  
08/31/17 04:36:14,119.21  ,060.00  ,100.00  
08/31/17 04:37:15,119.46  ,060.00  ,100.00  
08/31/17 04:38:15,119.69  ,060.00  ,100.00  
08/31/17 04:39:14,119.93  ,060.00  ,100.00  
08/31/17 04:40:15,120.18  ,060.00  ,100.00  
08/31/17 04:41:15,120.42  ,060.00  ,100.00  
08/31/17 04:42:15,120.65  ,060.00  ,100.00  
08/31/17 04:43:14,120.88  ,060.00  ,100.00  
08/31/17 04:44:15,121.11  ,060.00  ,100.00  
08/31/17 04:45:15,121.33  ,060.00  ,100.00  
08/31/17 04:46:14,121.56  ,060.00  ,100.00  
08/31/17 04:47:15,121.78  ,060.00  ,100.00  
08/31/17 04:48:15,122.00  ,060.00  ,100.00  
08/31/17 04:49:15,122.23  ,060.00  ,100.00  
08/31/17 04:50:14,122.45  ,060.00  ,100.00  
08/31/17 04:51:15,122.68  ,060.00  ,100.00  
08/31/17 04:52:15,122.90  ,060.00  ,100.00  
08/31/17 04:53:14,123.12  ,060.00  ,100.00  
08/31/17 04:54:15,123.35  ,060.00  ,100.00  
08/31/17 04:55:15,123.57  ,060.00  ,100.00  
08/31/17 04:56:15,123.79  ,060.00  ,100.00  
08/31/17 04:57:14,124.01  ,060.00  ,100.00  
08/31/17 04:58:15,124.23  ,060.00  ,100.00  
08/31/17 04:59:15,124.44  ,060.00  ,100.00  
08/31/17 05:00:14,124.65  ,060.00  ,100.00  
08/31/17 05:01:15,124.86  ,060.00  ,100.00  
08/31/17 05:02:15,125.06  ,060.00  ,100.00  
08/31/17 05:03:15,125.27  ,060.00  ,100.00  
08/31/17 05:04:14,125.47  ,060.00  ,100.00  
08/31/17 05:05:15,125.68  ,060.00  ,100.00  
08/31/17 05:06:15,125.89  ,060.00  ,100.00  
08/31/17 05:07:14,126.09  ,060.00  ,100.00  
08/31/17 05:08:15,126.30  ,060.00  ,100.00  
08/31/17 05:09:15,126.51  ,060.00  ,100.00  
08/31/17 05:10:14,126.71  ,060.00  ,100.00  
08/31/17 05:11:15,126.91  ,060.00  ,100.00  
08/31/17 05:12:15,127.11  ,060.00  ,100.00  
08/31/17 05:13:15,127.31  ,060.00  ,100.00  
08/31/17 05:14:14,127.50  ,060.00  ,100.00  
08/31/17 05:15:15,127.69  ,060.00  ,100.00  
08/31/17 05:16:15,127.88  ,060.00  ,100.00  
08/31/17 05:17:14,128.06  ,060.00  ,100.00  
08/31/17 05:18:14,128.25  ,060.00  ,100.00  
08/31/17 05:19:15,128.44  ,060.00  ,100.00  
08/31/17 05:20:15,128.63  ,060.00  ,100.00  
08/31/17 05:21:14,128.81  ,060.00  ,100.00  
08/31/17 05:22:15,129.00  ,060.00  ,100.00  
08/31/17 05:23:15,129.19  ,060.00  ,100.00  
08/31/17 05:24:15,129.38  ,060.00  ,100.00  
08/31/17 05:25:14,129.57  ,060.00  ,100.00  
08/31/17 05:26:15,129.76  ,060.00  ,100.00  
08/31/17 05:27:15,129.94  ,060.00  ,100.00  
08/31/17 05:28:14,130.12  ,060.00  ,100.00  
08/31/17 05:29:15,130.30  ,060.00  ,100.00  
08/31/17 05:30:15,130.48  ,060.00  ,100.00  
08/31/17 05:31:15,130.65  ,060.00  ,100.00  
08/31/17 05:32:14,130.82  ,060.00  ,100.00  
08/31/17 05:33:15,131.00  ,060.00  ,100.00  
08/31/17 05:34:15,131.17  ,060.00  ,100.00  
08/31/17 05:35:14,131.34  ,060.00  ,100.00  
08/31/17 05:36:15,131.51  ,060.00  ,100.00  
08/31/17 05:37:15,131.69  ,060.00  ,100.00  
08/31/17 05:38:14,131.86  ,060.00  ,100.00  
08/31/17 05:39:14,132.03  ,060.00  ,100.00  
08/31/17 05:40:15,132.21  ,060.00  ,100.00  
08/31/17 05:41:15,132.38  ,060.00  ,100.00  
08/31/17 05:42:14,132.55  ,060.00  ,100.00  
08/31/17 05:43:15,132.72  ,060.00  ,100.00  
08/31/17 05:44:15,132.88  ,060.00  ,100.00  
08/31/17 05:45:15,133.04  ,060.00  ,100.00  
08/31/17 05:46:14,133.20  ,060.00  ,100.00  
08/31/17 05:47:15,133.36  ,060.00  ,100.00  
08/31/17 05:48:15,133.52  ,060.00  ,100.00  
08/31/17 05:49:14,133.68  ,060.00  ,100.00  
08/31/17 05:50:15,133.85  ,060.00  ,100.00  
08/31/17 05:51:15,134.00  ,060.00  ,100.00  
08/31/17 05:52:15,134.17  ,060.00  ,100.00  
08/31/17 05:53:14,134.33  ,060.00  ,100.00  
08/31/17 05:54:15,134.49  ,060.00  ,100.00  
08/31/17 05:55:15,134.65  ,060.00  ,100.00  
08/31/17 05:56:14,134.81  ,060.00  ,100.00  
08/31/17 05:57:15,134.97  ,060.00  ,100.00  
08/31/17 05:58:15,135.13  ,060.00  ,100.00  
08/31/17 05:59:15,135.28  ,060.00  ,100.00  
08/31/17 06:00:14,135.43  ,060.00  ,100.00  
08/31/17 06:01:15,135.58  ,060.00  ,100.00  
08/31/17 06:02:15,135.72  ,060.00  ,100.00  
08/31/17 06:03:14,135.87  ,060.00  ,100.00  
08/31/17 06:04:15,136.02  ,060.00  ,100.00  
08/31/17 06:05:15,136.17  ,060.00  ,100.00  
08/31/17 06:06:15,136.32  ,060.00  ,100.00  
08/31/17 06:07:14,136.46  ,060.00  ,100.00  
08/31/17 06:08:15,136.61  ,060.00  ,100.00  
08/31/17 06:09:15,136.76  ,060.00  ,100.00  
08/31/17 06:10:14,136.91  ,060.00  ,100.00  
08/31/17 06:11:15,137.06  ,060.00  ,100.00  
08/31/17 06:12:15,137.20  ,060.00  ,100.00  
08/31/17 06:13:15,137.35  ,060.00  ,100.00  
08/31/17 06:14:14,137.49  ,060.00  ,100.00  
08/31/17 06:15:15,137.63  ,060.00  ,100.00  
08/31/17 06:16:15,137.76  ,060.00  ,100.00  
08/31/17 06:17:14,137.90  ,060.00  ,100.00  
08/31/17 06:18:15,138.03  ,060.00  ,100.00  
08/31/17 06:19:15,138.17  ,060.00  ,100.00  
08/31/17 06:20:15,138.31  ,060.00  ,100.00  
08/31/17 06:21:14,138.44  ,060.00  ,100.00  
08/31/17 06:22:15,138.58  ,060.00  ,100.00  
08/31/17 06:23:15,138.72  ,060.00  ,100.00  
08/31/17 06:24:14,138.85  ,060.00  ,100.00  
08/31/17 06:25:15,138.99  ,060.00  ,100.00  
08/31/17 06:26:15,139.13  ,060.00  ,100.00  
08/31/17 06:27:15,139.26  ,060.00  ,100.00  
08/31/17 06:28:14,139.40  ,060.00  ,100.00  
08/31/17 06:29:15,139.53  ,060.00  ,100.00  
08/31/17 06:30:15,139.66  ,060.00  ,100.00  
08/31/17 06:31:14,139.78  ,060.00  ,100.00  
08/31/17 06:32:15,139.91  ,060.00  ,100.00  
08/31/17 06:33:15,140.03  ,060.00  ,100.00  
08/31/17 06:34:15,140.16  ,060.00  ,100.00  
08/31/17 06:35:14,140.28  ,060.00  ,100.00  
08/31/17 06:36:15,140.41  ,060.00  ,100.00  
08/31/17 06:37:15,140.53  ,060.00  ,100.00  
08/31/17 06:38:14,140.66  ,060.00  ,100.00  
08/31/17 06:39:15,140.78  ,060.00  ,100.00  
08/31/17 06:40:15,140.91  ,060.00  ,100.00  
08/31/17 06:41:15,141.04  ,060.00  ,100.00  
08/31/17 06:42:14,141.16  ,060.00  ,100.00  
08/31/17 06:43:15,141.28  ,060.00  ,100.00  
08/31/17 06:44:15,141.40  ,060.00  ,100.00  
08/31/17 06:45:14,141.52  ,060.00  ,100.00  
08/31/17 06:46:15,141.64  ,060.00  ,100.00  
08/31/17 06:47:15,141.75  ,060.00  ,100.00  
08/31/17 06:48:15,141.87  ,060.00  ,100.00  
08/31/17 06:49:14,141.98  ,060.00  ,100.00  
08/31/17 06:50:15,142.10  ,060.00  ,100.00  
08/31/17 06:51:15,142.21  ,060.00  ,100.00  
08/31/17 06:52:14,142.32  ,060.00  ,100.00  
08/31/17 06:53:15,142.44  ,060.00  ,100.00  
08/31/17 06:54:15,142.56  ,060.00  ,100.00  
08/31/17 06:55:15,142.67  ,060.00  ,100.00  
08/31/17 06:56:14,142.79  ,060.00  ,100.00  
08/31/17 06:57:15,142.90  ,060.00  ,100.00  
08/31/17 06:58:15,143.02  ,060.00  ,100.00  
08/31/17 06:59:14,143.13  ,060.00  ,100.00  
08/31/17 07:00:15,143.24  ,060.00  ,100.00  
08/31/17 07:01:15,143.34  ,060.00  ,100.00  
08/31/17 07:02:15,143.45  ,060.00  ,100.00  
08/31/17 07:03:14,143.55  ,060.00  ,100.00  
08/31/17 07:04:15,143.66  ,060.00  ,100.00  
08/31/17 07:05:15,143.76  ,060.00  ,100.00  
08/31/17 07:06:14,143.87  ,060.00  ,100.00  
08/31/17 07:07:15,143.97  ,060.00  ,100.00  
08/31/17 07:08:15,144.08  ,060.00  ,100.00  
08/31/17 07:09:15,144.18  ,060.00  ,100.00  
08/31/17 07:10:14,144.29  ,060.00  ,100.00  
08/31/17 07:11:15,144.40  ,060.00  ,100.00  
08/31/17 07:12:15,144.50  ,060.00  ,100.00  
08/31/17 07:13:14,144.61  ,060.00  ,100.00  
08/31/17 07:14:15,144.71  ,060.00  ,100.00  
08/31/17 07:15:15,144.81  ,060.00  ,100.00  
08/31/17 07:16:15,144.91  ,060.00  ,100.00  
08/31/17 07:17:14,145.01  ,060.00  ,100.00  
08/31/17 07:18:15,145.11  ,060.00  ,100.00  
08/31/17 07:19:15,145.20  ,060.00  ,100.00  
08/31/17 07:20:14,145.29  ,060.00  ,100.00  
08/31/17 07:21:15,145.39  ,060.00  ,100.00  
08/31/17 07:22:15,145.48  ,060.00  ,100.00  
08/31/17 07:23:15,145.58  ,060.00  ,100.00  
08/31/17 07:24:14,145.67  ,060.00  ,100.00  
08/31/17 07:25:15,145.77  ,060.00  ,100.00  
08/31/17 07:26:15,145.87  ,060.00  ,100.00  
08/31/17 07:27:14,145.96  ,060.00  ,100.00  
08/31/17 07:28:15,146.06  ,060.00  ,100.00  
08/31/17 07:29:15,146.16  ,060.00  ,100.00  
08/31/17 07:30:15,146.25  ,060.00  ,100.00  
08/31/17 07:31:14,146.35  ,060.00  ,100.00  
08/31/17 07:32:15,146.44  ,060.00  ,100.00  
08/31/17 07:33:15,146.53  ,060.00  ,100.00  
08/31/17 07:34:14,146.61  ,060.00  ,100.00  
08/31/17 07:35:15,146.70  ,060.00  ,100.00  
08/31/17 07:36:15,146.78  ,060.00  ,100.00  
08/31/17 07:37:15,146.87  ,060.00  ,100.00  
08/31/17 07:38:14,146.96  ,060.00  ,100.00  
08/31/17 07:39:15,147.04  ,060.00  ,100.00  
08/31/17 07:40:15,147.13  ,060.00  ,100.00  
08/31/17 07:41:14,147.21  ,060.00  ,100.00  
08/31/17 07:42:15,147.30  ,060.00  ,100.00  
08/31/17 07:43:15,147.39  ,060.00  ,100.00  
08/31/17 07:44:15,147.48  ,060.00  ,100.00  
08/31/17 07:45:14,147.56  ,060.00  ,100.00  
08/31/17 07:46:15,147.65  ,060.00  ,100.00  
08/31/17 07:47:15,147.74  ,060.00  ,100.00  
08/31/17 07:48:14,147.82  ,060.00  ,100.00  
08/31/17 07:49:15,147.90  ,060.00  ,100.00  
08/31/17 07:50:15,147.98  ,060.00  ,100.00  
08/31/17 07:51:15,148.06  ,060.00  ,100.00  
08/31/17 07:52:14,148.13  ,060.00  ,100.00  
08/31/17 07:53:15,148.21  ,060.00  ,100.00  
08/31/17 07:54:15,148.28  ,060.00  ,100.00  
08/31/17 07:55:14,148.36  ,060.00  ,100.00  
08/31/17 07:56:15,148.43  ,060.00  ,100.00  
08/31/17 07:57:15,148.51  ,060.00  ,100.00  
08/31/17 07:58:15,148.58  ,060.00  ,100.00  
08/31/17 07:59:14,148.66  ,060.00  ,100.00  
08/31/17 08:00:15,148.74  ,060.00  ,100.00  
08/31/17 08:01:15,148.81  ,060.00  ,100.00  
08/31/17 08:02:14,148.89  ,060.00  ,100.00  
08/31/17 08:03:15,148.96  ,060.00  ,100.00  
08/31/17 08:04:15,149.04  ,060.00  ,100.00  
08/31/17 08:05:15,149.12  ,060.00  ,100.00  
08/31/17 08:06:14,149.19  ,060.00  ,100.00  
08/31/17 08:07:15,149.26  ,060.00  ,100.00  
08/31/17 08:08:15,149.33  ,060.00  ,100.00  
08/31/17 08:09:14,149.40  ,060.00  ,100.00  
08/31/17 08:10:15,149.46  ,060.00  ,100.00  
08/31/17 08:11:15,149.53  ,060.00  ,100.00  
08/31/17 08:12:15,149.60  ,060.00  ,100.00  
08/31/17 08:13:14,149.66  ,060.00  ,100.00  
08/31/17 08:14:15,149.73  ,060.00  ,100.00  
08/31/17 08:15:15,149.80  ,060.00  ,100.00  
08/31/17 08:16:14,149.87  ,060.00  ,100.00  
08/31/17 08:17:15,149.94  ,060.00  ,100.00  
08/31/17 08:18:15,150.00  ,060.00  ,100.00  
08/31/17 08:19:15,150.07  ,060.00  ,100.00  
08/31/17 08:20:14,150.14  ,060.00  ,100.00  
08/31/17 08:21:15,150.21  ,060.00  ,100.00  
08/31/17 08:22:15,150.28  ,060.00  ,100.00  
08/31/17 08:23:14,150.34  ,060.00  ,100.00  
08/31/17 08:24:15,150.41  ,060.00  ,100.00  
08/31/17 08:25:15,150.48  ,060.00  ,100.00  
08/31/17 08:26:15,150.54  ,060.00  ,100.00  
08/31/17 08:27:14,150.60  ,060.00  ,100.00  
08/31/17 08:28:16,150.66  ,060.00  ,100.00  
08/31/17 08:29:14,150.72  ,060.00  ,100.00  
08/31/17 08:30:15,150.77  ,060.00  ,100.00  
08/31/17 08:31:16,150.84  ,060.00  ,100.00  
08/31/17 08:32:15,150.89  ,060.00  ,100.00  
08/31/17 08:33:15,150.95  ,060.00  ,100.00  
08/31/17 08:34:15,151.02  ,060.00  ,100.00  
08/31/17 08:35:15,151.08  ,060.00  ,100.00  
08/31/17 08:36:15,151.14  ,060.00  ,100.00  
08/31/17 08:37:15,151.20  ,060.00  ,100.00  
08/31/17 08:38:15,151.26  ,060.00  ,100.00  
08/31/17 08:39:15,151.32  ,060.00  ,100.00  
08/31/17 08:40:16,151.38  ,060.00  ,100.00  
08/31/17 08:41:15,151.44  ,060.00  ,100.00  
08/31/17 08:42:15,151.50  ,060.00  ,100.00  
08/31/17 08:43:15,151.56  ,060.00  ,100.00  
08/31/17 08:44:15,151.62  ,060.00  ,100.00  
08/31/17 08:45:16,151.67  ,060.00  ,100.00  
08/31/17 08:46:15,151.72  ,060.00  ,100.00  
08/31/17 08:47:15,151.78  ,060.00  ,100.00  
08/31/17 08:48:15,151.83  ,060.00  ,100.00  
08/31/17 08:49:15,151.88  ,060.00  ,100.00  
08/31/17 08:50:15,151.93  ,060.00  ,100.00  
08/31/17 08:51:15,151.99  ,060.00  ,100.00  
08/31/17 08:52:15,152.04  ,060.00  ,100.00  
08/31/17 08:53:15,152.09  ,060.00  ,100.00  
08/31/17 08:54:16,152.15  ,060.00  ,100.00  
08/31/17 08:55:15,152.20  ,060.00  ,100.00  
08/31/17 08:56:15,152.26  ,060.00  ,100.00  
08/31/17 08:57:15,152.31  ,060.00  ,100.00  
08/31/17 08:58:15,152.36  ,060.00  ,100.00  
08/31/17 08:59:16,152.42  ,060.00  ,100.00  
08/31/17 09:00:15,152.47  ,060.00  ,100.00  
08/31/17 09:01:15,152.52  ,060.00  ,100.00  
08/31/17 09:02:15,152.57  ,060.00  ,100.00  
08/31/17 09:03:16,152.62  ,060.00  ,100.00  
08/31/17 09:04:15,152.67  ,060.00  ,100.00  
08/31/17 09:05:15,152.71  ,060.00  ,100.00  
08/31/17 09:06:15,152.76  ,060.00  ,100.00  
08/31/17 09:07:15,152.80  ,060.00  ,100.00  
08/31/17 09:08:16,152.85  ,060.00  ,100.00  
08/31/17 09:09:15,152.90  ,060.00  ,100.00  
08/31/17 09:10:15,152.94  ,060.00  ,100.00  
08/31/17 09:11:15,152.99  ,060.00  ,100.00  
08/31/17 09:12:16,153.04  ,060.00  ,100.00  
08/31/17 09:13:15,153.09  ,060.00  ,100.00  
08/31/17 09:14:15,153.14  ,060.00  ,100.00  
08/31/17 09:15:15,153.19  ,060.00  ,100.00  
08/31/17 09:16:15,153.23  ,060.00  ,100.00  
08/31/17 09:17:16,153.28  ,060.00  ,100.00  
08/31/17 09:18:15,153.33  ,060.00  ,100.00  
08/31/17 09:19:15,153.38  ,060.00  ,100.00  
08/31/17 09:20:15,153.42  ,060.00  ,100.00  
08/31/17 09:21:15,153.47  ,060.00  ,100.00  
08/31/17 09:22:16,153.51  ,060.00  ,100.00  
08/31/17 09:23:15,153.55  ,060.00  ,100.00  
08/31/17 09:24:15,153.59  ,060.00  ,100.00  
08/31/17 09:25:15,153.63  ,060.00  ,100.00  
08/31/17 09:26:16,153.67  ,060.00  ,100.00  
08/31/17 09:27:15,153.71  ,060.00  ,100.00  
08/31/17 09:28:15,153.75  ,060.00  ,100.00  
08/31/17 09:29:15,153.79  ,060.00  ,100.00  
08/31/17 09:30:15,153.83  ,060.00  ,100.00  
08/31/17 09:31:16,153.88  ,060.00  ,100.00  
08/31/17 09:32:15,153.92  ,060.00  ,100.00  
08/31/17 09:33:15,153.96  ,060.00  ,100.00  
08/31/17 09:34:15,154.00  ,060.00  ,100.00  
08/31/17 09:35:15,154.05  ,060.00  ,100.00  
08/31/17 09:36:16,154.09  ,060.00  ,100.00  
08/31/17 09:37:15,154.13  ,060.00  ,100.00  
08/31/17 09:38:15,154.17  ,060.00  ,100.00  
08/31/17 09:39:15,154.21  ,060.00  ,100.00  
08/31/17 09:40:16,154.25  ,060.00  ,100.00  
08/31/17 09:41:15,154.28  ,060.00  ,100.00  
08/31/17 09:42:15,154.31  ,060.00  ,100.00  
08/31/17 09:43:15,154.35  ,060.00  ,100.00  
08/31/17 09:44:15,154.39  ,060.00  ,100.00  
08/31/17 09:45:16,154.42  ,060.00  ,100.00  
08/31/17 09:46:15,154.46  ,060.00  ,100.00  
08/31/17 09:47:15,154.49  ,060.00  ,100.00  
08/31/17 09:48:15,154.53  ,060.00  ,100.00  
08/31/17 09:49:15,154.57  ,060.00  ,100.00  
08/31/17 09:50:15,154.61  ,060.00  ,100.00  
08/31/17 09:51:15,154.65  ,060.00  ,100.00  
08/31/17 09:52:15,154.68  ,060.00  ,100.00  
08/31/17 09:53:15,154.72  ,060.00  ,100.00  
08/31/17 09:54:16,154.76  ,060.00  ,100.00  
08/31/17 09:55:15,154.80  ,060.00  ,100.00  
08/31/17 09:56:15,154.83  ,060.00  ,100.00  
08/31/17 09:57:15,154.87  ,060.00  ,100.00  
08/31/17 09:58:15,154.90  ,060.00  ,100.00  
08/31/17 09:59:16,154.93  ,060.00  ,100.00  
08/31/17 10:00:15,154.96  ,060.00  ,100.00  
08/31/17 10:01:15,154.99  ,060.00  ,100.00  
08/31/17 10:02:15,155.02  ,060.00  ,100.00  
08/31/17 10:03:16,155.05  ,060.00  ,100.00  
08/31/17 10:04:15,155.09  ,060.00  ,100.00  
08/31/17 10:05:15,155.12  ,060.00  ,100.00  
08/31/17 10:06:15,155.15  ,060.00  ,100.00  
08/31/17 10:07:15,155.18  ,060.00  ,100.00  
08/31/17 10:08:16,155.22  ,060.00  ,100.00  
08/31/17 10:09:15,155.25  ,060.00  ,100.00  
08/31/17 10:10:15,155.28  ,060.00  ,100.00  
08/31/17 10:11:15,155.32  ,060.00  ,100.00  
08/31/17 10:12:15,155.35  ,060.00  ,100.00  
08/31/17 10:13:16,155.38  ,060.00  ,100.00  
08/31/17 10:14:15,155.42  ,060.00  ,100.00  
08/31/17 10:15:15,155.45  ,060.00  ,100.00  
08/31/17 10:16:15,155.48  ,060.00  ,100.00  
08/31/17 10:17:16,155.51  ,060.00  ,100.00  
08/31/17 10:18:15,155.53  ,060.00  ,100.00  
08/31/17 10:19:15,155.56  ,060.00  ,100.00  
08/31/17 10:20:15,155.58  ,060.00  ,100.00  
08/31/17 10:21:15,155.61  ,060.00  ,100.00  
08/31/17 10:22:16,155.64  ,060.00  ,100.00  
08/31/17 10:23:15,155.66  ,060.00  ,100.00  
08/31/17 10:24:15,155.69  ,060.00  ,100.00  
08/31/17 10:25:15,155.72  ,060.00  ,100.00  
08/31/17 10:26:16,155.75  ,060.00  ,100.00  
08/31/17 10:27:15,155.78  ,060.00  ,100.00  
08/31/17 10:28:15,155.81  ,060.00  ,100.00  
08/31/17 10:29:15,155.84  ,060.00  ,100.00  
08/31/17 10:30:15,155.87  ,060.00  ,100.00  
08/31/17 10:31:16,155.90  ,060.00  ,100.00  
08/31/17 10:32:15,155.93  ,060.00  ,100.00  
08/31/17 10:33:15,155.95  ,060.00  ,100.00  
08/31/17 10:34:15,155.98  ,060.00  ,100.00  
08/31/17 10:35:15,156.00  ,060.00  ,100.00  
08/31/17 10:36:16,156.03  ,060.00  ,100.00  
08/31/17 10:37:15,156.05  ,060.00  ,100.00  
08/31/17 10:38:15,156.07  ,060.00  ,100.00  
08/31/17 10:39:15,156.09  ,060.00  ,100.00  
08/31/17 10:40:16,156.11  ,060.00  ,100.00  
08/31/17 10:41:15,156.13  ,060.00  ,100.00  
08/31/17 10:42:15,156.16  ,060.00  ,100.00  
08/31/17 10:43:15,156.18  ,060.00  ,100.00  
08/31/17 10:44:15,156.21  ,060.00  ,100.00  
08/31/17 10:45:16,156.23  ,060.00  ,100.00  
08/31/17 10:46:15,156.25  ,060.00  ,100.00  
08/31/17 10:47:15,156.28  ,060.00  ,100.00  
08/31/17 10:48:15,156.30  ,060.00  ,100.00  
08/31/17 10:49:16,156.33  ,060.00  ,100.00  
08/31/17 10:50:15,156.35  ,060.00  ,100.00  
08/31/17 10:51:15,156.37  ,060.00  ,100.00  
08/31/17 10:52:15,156.40  ,060.00  ,100.00  
08/31/17 10:53:15,156.42  ,060.00  ,100.00  
08/31/17 10:54:16,156.43  ,060.00  ,100.00  
08/31/17 10:55:15,156.45  ,060.00  ,100.00  
08/31/17 10:56:15,156.46  ,060.00  ,100.00  
08/31/17 10:57:15,156.48  ,060.00  ,100.00  
08/31/17 10:58:16,156.50  ,060.00  ,100.00  
08/31/17 10:59:15,156.51  ,060.00  ,100.00  
08/31/17 11:00:15,156.53  ,060.00  ,100.00  
08/31/17 11:01:15,156.55  ,060.00  ,100.00  
08/31/17 11:02:15,156.57  ,060.00  ,100.00  
08/31/17 11:03:16,156.58  ,060.00  ,100.00  
08/31/17 11:04:15,156.60  ,060.00  ,100.00  
08/31/17 11:05:15,156.62  ,060.00  ,100.00  
08/31/17 11:06:15,156.64  ,060.00  ,100.00  
08/31/17 11:07:15,156.66  ,060.00  ,100.00  
08/31/17 11:08:16,156.68  ,060.00  ,100.00  
08/31/17 11:09:15,156.69  ,060.00  ,100.00  
08/31/17 11:10:15,156.71  ,060.00  ,100.00  
08/31/17 11:11:15,156.73  ,060.00  ,100.00  
08/31/17 11:12:16,156.75  ,060.00  ,100.00  
08/31/17 11:13:15,156.77  ,060.00  ,100.00  
08/31/17 11:14:15,156.78  ,060.00  ,100.00  
08/31/17 11:15:15,156.80  ,060.00  ,100.00  
08/31/17 11:16:15,156.81  ,060.00  ,100.00  
08/31/17 11:17:16,156.82  ,060.00  ,100.00  
08/31/17 11:18:15,156.83  ,060.00  ,100.00  
08/31/17 11:19:15,156.85  ,060.00  ,100.00  
08/31/17 11:20:15,156.86  ,060.00  ,100.00  
08/31/17 11:21:15,156.87  ,060.00  ,100.00  
08/31/17 11:22:16,156.88  ,060.00  ,100.00  
08/31/17 11:23:15,156.90  ,060.00  ,100.00  
08/31/17 11:24:15,156.91  ,060.00  ,100.00  
08/31/17 11:25:15,156.93  ,060.00  ,100.00  
08/31/17 11:26:16,156.94  ,060.00  ,100.00  
08/31/17 11:27:15,156.96  ,060.00  ,100.00  
08/31/17 11:28:15,156.97  ,060.00  ,100.00  
08/31/17 11:29:15,156.99  ,060.00  ,100.00  
08/31/17 11:30:15,157.00  ,060.00  ,100.00  
08/31/17 11:31:16,157.01  ,060.00  ,100.00  
08/31/17 11:32:15,157.03  ,060.00  ,100.00  
08/31/17 11:33:15,157.04  ,060.00  ,100.00  
08/31/17 11:34:15,157.06  ,060.00  ,100.00  
08/31/17 11:35:16,157.07  ,060.00  ,100.00  
08/31/17 11:36:15,157.08  ,060.00  ,100.00  
08/31/17 11:37:15,157.10  ,060.00  ,100.00  
08/31/17 11:38:15,157.10  ,060.00  ,100.00  
08/31/17 11:39:15,157.11  ,060.00  ,100.00  
08/31/17 11:40:16,157.12  ,060.00  ,100.00  
08/31/17 11:41:15,157.13  ,060.00  ,100.00  
08/31/17 11:42:15,157.14  ,060.00  ,100.00  
08/31/17 11:43:15,157.15  ,060.00  ,100.00  
08/31/17 11:44:15,157.17  ,060.00  ,100.00  
08/31/17 11:45:16,157.18  ,060.00  ,100.00  
08/31/17 11:46:15,157.19  ,060.00  ,100.00  
08/31/17 11:47:15,157.21  ,060.00  ,100.00  
08/31/17 11:48:15,157.22  ,060.00  ,100.00  
08/31/17 11:49:15,157.24  ,060.00  ,100.00  
08/31/17 11:50:15,157.25  ,060.00  ,100.00  
08/31/17 11:51:15,157.27  ,060.00  ,100.00  
08/31/17 11:52:15,157.28  ,060.00  ,100.00  
08/31/17 11:53:15,157.29  ,060.00  ,100.00  
08/31/17 11:54:16,157.31  ,060.00  ,100.00  
08/31/17 11:55:15,157.31  ,060.00  ,100.00  
08/31/17 11:56:15,157.32  ,060.00  ,100.00  
08/31/17 11:57:15,157.33  ,060.00  ,100.00  
08/31/17 11:58:15,157.34  ,060.00  ,100.00  
08/31/17 11:59:16,157.35  ,060.00  ,100.00  
08/31/17 12:00:15,157.37  ,060.00  ,100.00  
08/31/17 12:01:15,157.38  ,060.00  ,100.00  
08/31/17 12:02:15,157.39  ,060.00  ,100.00  
08/31/17 12:03:16,157.41  ,060.00  ,100.00  
08/31/17 12:04:15,157.42  ,060.00  ,100.00  
08/31/17 12:05:15,157.43  ,060.00  ,100.00  
08/31/17 12:06:15,157.45  ,060.00  ,100.00  
08/31/17 12:07:15,157.46  ,060.00  ,100.00  
08/31/17 12:08:16,157.48  ,060.00  ,100.00  
08/31/17 12:09:15,157.49  ,060.00  ,100.00  
08/31/17 12:10:15,157.51  ,060.00  ,100.00  
08/31/17 12:11:15,157.52  ,060.00  ,100.00  
08/31/17 12:12:15,157.53  ,060.00  ,100.00  
08/31/17 12:13:16,157.54  ,060.00  ,100.00  
08/31/17 12:14:15,157.55  ,060.00  ,100.00  
08/31/17 12:15:15,157.56  ,060.00  ,100.00  
08/31/17 12:16:15,157.57  ,060.00  ,100.00  
08/31/17 12:17:16,157.58  ,060.00  ,100.00  
08/31/17 12:18:15,157.59  ,060.00  ,100.00  
08/31/17 12:19:15,157.60  ,060.00  ,100.00  
08/31/17 12:20:15,157.61  ,060.00  ,100.00  
08/31/17 12:21:15,157.63  ,060.00  ,100.00  
08/31/17 12:22:16,157.64  ,060.00  ,100.00  
08/31/17 12:23:15,157.65  ,060.00  ,100.00  
08/31/17 12:24:15,157.66  ,060.00  ,100.00  
08/31/17 12:25:15,157.68  ,060.00  ,100.00  
08/31/17 12:26:15,157.69  ,060.00  ,100.00  
08/31/17 12:27:16,157.71  ,060.00  ,100.00  
08/31/17 12:28:15,157.72  ,060.00  ,100.00  
08/31/17 12:29:15,157.73  ,060.00  ,100.00  
08/31/17 12:30:15,157.74  ,060.00  ,100.00  
08/31/17 12:31:16,157.75  ,060.00  ,100.00  
08/31/17 12:32:15,157.76  ,060.00  ,100.00  
08/31/17 12:33:15,157.77  ,060.00  ,100.00  
08/31/17 12:34:15,157.78  ,060.00  ,100.00  
08/31/17 12:35:15,157.79  ,060.00  ,100.00  
08/31/17 12:36:16,157.79  ,060.00  ,100.00  
08/31/17 12:37:15,157.80  ,060.00  ,100.00  
08/31/17 12:38:15,157.81  ,060.00  ,100.00  
08/31/17 12:39:15,157.82  ,060.00  ,100.00  
08/31/17 12:40:16,157.84  ,060.00  ,100.00  
08/31/17 12:41:15,157.85  ,060.00  ,100.00  
08/31/17 12:42:15,157.86  ,060.00  ,100.00  
08/31/17 12:43:15,157.87  ,060.00  ,100.00  
08/31/17 12:44:15,157.88  ,060.00  ,100.00  
08/31/17 12:45:16,157.90  ,060.00  ,100.00  
08/31/17 12:46:15,157.91  ,060.00  ,100.00  
08/31/17 12:47:15,157.92  ,060.00  ,100.00  
08/31/17 12:48:15,157.93  ,060.00  ,100.00  
08/31/17 12:49:15,157.94  ,060.00  ,100.00  
08/31/17 12:50:16,157.95  ,060.00  ,100.00  
08/31/17 12:51:15,157.96  ,060.00  ,100.00  
08/31/17 12:52:15,157.96  ,060.00  ,100.00  
08/31/17 12:53:15,157.97  ,060.00  ,100.00  
08/31/17 12:54:16,157.98  ,060.00  ,100.00  
08/31/17 12:55:15,157.98  ,060.00  ,100.00  
08/31/17 12:56:15,157.99  ,060.00  ,100.00  
08/31/17 12:57:15,158.00  ,060.00  ,100.00  
08/31/17 12:58:15,158.01  ,060.00  ,100.00  
08/31/17 12:59:16,158.02  ,060.00  ,100.00  
08/31/17 13:00:15,158.04  ,060.00  ,100.00  
08/31/17 13:01:15,158.04  ,060.00  ,100.00  
08/31/17 13:02:15,158.06  ,060.00  ,100.00  
08/31/17 13:03:15,158.07  ,060.00  ,100.00  
08/31/17 13:04:16,158.08  ,060.00  ,100.00  
